Residue,Absolute SASA,Relative SASA,Exposed or Buried?
M66,Not present in structure model,N/A,N/A
G67,Not present in structure model,N/A,N/A
S68,Not present in structure model,N/A,N/A
S69,Not present in structure model,N/A,N/A
H70,Not present in structure model,N/A,N/A
H71,Not present in structure model,N/A,N/A
H72,Not present in structure model,N/A,N/A
H73,Not present in structure model,N/A,N/A
H74,Not present in structure model,N/A,N/A
H75,Not present in structure model,N/A,N/A
S76,Not present in structure model,N/A,N/A
S77,Not present in structure model,N/A,N/A
G78,Not present in structure model,N/A,N/A
R79,Not present in structure model,N/A,N/A
E80,Not present in structure model,N/A,N/A
N81,Not present in structure model,N/A,N/A
L82,Not present in structure model,N/A,N/A
Y83,Not present in structure model,N/A,N/A
F84,Not present in structure model,N/A,N/A
Q85,Not present in structure model,N/A,N/A
G86,Not present in structure model,N/A,N/A
H87,Not present in structure model,N/A,N/A
M88,Not present in structure model,N/A,N/A
P89,108.93196105957031,0.7113333523974618,Exposed
S90,126.25920867919922,1.144379734933791,Exposed
W91,101.66907501220703,0.3878257077659627,Exposed
P92,76.47770690917969,0.4994047946096152,Exposed
L93,99.71558380126953,0.5505302180961512,Exposed
S94,8.644659996032715,0.07835288861969927,Buried
S95,123.11944580078125,1.1159217630508191,Exposed
S96,46.89556884765625,0.4250489069973995,Exposed
V97,60.28597640991211,0.38296511652130893,Exposed
P98,34.523921966552734,0.2254436339115072,Buried
S99,60.13984298706055,0.5450914693387469,Exposed
Q100,51.02268981933594,0.2770242147963921,Exposed
K101,155.96702575683594,0.7270803130674812,Exposed
T102,88.12543487548828,0.6236214844381887,Exposed
Y103,100.7545394897461,0.43590455460225735,Exposed
Q104,92.34046936035156,0.5013562810792367,Exposed
G105,30.35215187072754,0.8798893634739661,Exposed
S106,102.6611099243164,0.9304928724977267,Exposed
Y107,51.46963119506836,0.222678271125561,Buried
G108,5.836512565612793,0.16919674585635064,Buried
F109,1.71816086769104,0.007881069729521512,Buried
R110,73.61629486083984,0.29509392911390564,Exposed
L111,22.895109176635742,0.12640400795796167,Buried
G112,10.514999389648438,0.30482307018270516,Exposed
F113,19.073780059814453,0.08748993966959885,Buried
L114,84.98115539550781,0.46918136795139725,Exposed
H115,182.1280517578125,0.9356735525223314,Exposed
S116,48.927528381347656,0.4434660453343757,Exposed
G117,30.897714614868164,0.8957048765789847,Exposed
T118,27.968229293823242,0.19791775999704017,Buried
A119,49.22951126098633,0.5386504393309732,Exposed
K120,167.60137939453125,0.7813168380264277,Exposed
S121,98.67456817626953,0.8943599231734215,Exposed
V122,18.959306716918945,0.12043850889365872,Buried
T123,52.32270431518555,0.3702627122459988,Exposed
C124,16.7421875,0.12685836357091165,Buried
T125,1.1228468418121338,0.007945849178241971,Buried
Y126,36.61029815673828,0.1583908357150793,Buried
S127,0.0,0.0,Buried
P128,92.75361633300781,0.6056876256644771,Exposed
A129,77.52742767333984,0.8482753922755089,Exposed
L130,50.139617919921875,0.27682107185698335,Exposed
N131,58.392425537109375,0.3760154627073933,Exposed
K132,20.47658348083496,0.09545684836620255,Buried
M133,2.6827611923217773,0.013922357810216718,Buried
F134,0.0,0.0,Buried
C135,0.0,0.0,Buried
Q136,47.00135803222656,0.2551906680997306,Exposed
L137,50.436767578125,0.27846163655009887,Exposed
G138,33.50514221191406,0.9712925257987358,Exposed
K139,86.6235580444336,0.40381794418622763,Exposed
T140,48.38396453857422,0.34239013777556865,Exposed
C141,0.0,0.0,Buried
P142,19.594337463378906,0.12795239909626094,Buried
V143,0.5364192724227905,0.0034075896485586876,Buried
Q144,26.300899505615234,0.14279894023189516,Buried
L145,4.233102321624756,0.02337097829153692,Buried
W146,79.17901611328125,0.30203538254537,Exposed
V147,33.023616790771484,0.2097816773546273,Buried
D148,109.18614196777344,0.7653713674768012,Exposed
S149,70.52513885498047,0.6392210164574527,Exposed
T150,91.29571533203125,0.6460560404456349,Exposed
P151,12.803988456726074,0.08361094342183586,Buried
P152,59.48729705810547,0.3884562256091706,Exposed
P153,129.90640258789062,0.848297927916722,Exposed
G154,43.71466827392578,1.2672601206610314,Exposed
T155,7.396950721740723,0.05234467660699327,Buried
R156,58.337257385253906,0.2338472824268867,Buried
V157,1.3143647909164429,0.008349468570970355,Buried
R158,28.95580291748047,0.11607052038844926,Buried
A159,1.2667078971862793,0.013859832199149325,Buried
M160,31.58926010131836,0.16393445057625042,Buried
A161,11.29066276550293,0.12353810353172628,Buried
I162,0.0,0.0,Buried
Y163,2.1259713172912598,0.00919780473271216,Buried
K164,93.90131378173828,0.4377450700914046,Exposed
Q165,62.49638366699219,0.33931985307449447,Exposed
S166,93.31195831298828,0.8457546600952429,Exposed
Q167,129.6218719482422,0.7037731139625681,Exposed
H168,50.05570983886719,0.25715864962548707,Exposed
M169,35.247276306152344,0.18291795556544935,Buried
T170,54.39176940917969,0.3849044946909756,Exposed
E171,59.193603515625,0.3407999326227042,Exposed
V172,8.244842529296875,0.052375150374322756,Buried
V173,8.281550407409668,0.05260833622708443,Buried
R174,23.255290985107422,0.09321978513663338,Buried
R175,2.8616185188293457,0.011470914882944883,Buried
C176,6.548426151275635,0.04961852359590348,Buried
P177,36.8050537109375,0.2403395843305594,Buried
H178,119.08174133300781,0.6117763566798889,Exposed
H179,26.872217178344727,0.13805464160374667,Buried
E180,33.46587371826172,0.19267567492039853,Buried
R181,161.60858154296875,0.6478146094718519,Exposed
C182,46.6615104675293,0.3535620933439989,Exposed
S183,113.64057159423828,1.0300077797031517,Exposed
D184,49.99982833862305,0.3504880408763986,Exposed
S185,71.6165542602539,0.6491133140985929,Exposed
D186,76.61878204345703,0.5370811801768394,Exposed
G187,64.64567565917969,1.8740365641738153,Exposed
L188,82.20513153076172,0.4538549268331803,Exposed
A189,6.858221054077148,0.07504002556968656,Buried
P190,29.471487045288086,0.19245087921072843,Buried
P191,58.182945251464844,0.3799387167504439,Exposed
Q192,65.3540267944336,0.35483523155318375,Exposed
H193,2.68204927444458,0.013778890996959527,Buried
L194,5.6211442947387695,0.03103436470572087,Buried
I195,11.750808715820312,0.06392839961348293,Buried
R196,10.722302436828613,0.042980787897741575,Buried
V197,7.477985382080078,0.047503710045609875,Buried
E198,77.52275848388672,0.4463278006222563,Exposed
G199,85.55950927734375,2.480315151222995,Exposed
N200,32.02201843261719,0.206204382965957,Buried
L201,152.1685028076172,0.8401230363851685,Exposed
R202,162.8485870361328,0.6527852222117666,Exposed
V203,23.1826229095459,0.14726701651902058,Buried
E204,77.784423828125,0.4478343068389722,Exposed
Y205,42.343971252441406,0.18319700553804572,Buried
L206,62.038639068603516,0.34251562488863313,Exposed
D207,86.76094055175781,0.6081755295765624,Exposed
D208,47.590206146240234,0.33359710765677064,Exposed
R209,173.05601501464844,0.6937021147831923,Exposed
N210,110.36274719238281,0.7106760691903464,Exposed
T211,35.58477020263672,0.25181637115906685,Exposed
F212,83.00499725341797,0.3807374405704142,Exposed
R213,6.114950656890869,0.02451202983104057,Buried
H214,18.776561737060547,0.09646362575729193,Buried
S215,5.108252048492432,0.0462998318014315,Buried
V216,1.4934240579605103,0.00948693796520375,Buried
V217,1.264134168624878,0.008030379833184494,Buried
V218,4.583130836486816,0.02911422090758398,Buried
P219,51.12421798706055,0.33384473221359856,Exposed
Y220,28.879301071166992,0.12494344110354154,Buried
E221,83.03034210205078,0.4780370397039548,Exposed
P222,76.6631088256836,0.5006154821390127,Exposed
P223,48.56260299682617,0.3171172065101134,Exposed
E224,102.9106674194336,0.5924955812741278,Exposed
V225,152.70741271972656,0.9700699165629215,Exposed
G226,88.47404479980469,2.5648056617015507,Exposed
S227,37.82882308959961,0.342870345798906,Exposed
D228,118.94131469726562,0.8337530298140193,Exposed
C229,12.124488830566406,0.09186928602845063,Buried
T230,9.68252944946289,0.06851862231286457,Buried
T231,62.03324890136719,0.43897958426023476,Exposed
I232,13.582231521606445,0.07389196312821492,Buried
H233,75.91177368164062,0.3899928554302184,Exposed
Y234,3.261512517929077,0.014110611478723995,Buried
N235,16.980653762817383,0.10934617500418867,Buried
Y236,0.4475061297416687,0.0019360910302872714,Buried
M237,14.719306945800781,0.07638676845496398,Buried
C238,1.0406689643859863,0.007885323339082278,Buried
N239,45.59914016723633,0.29363366277953445,Exposed
S240,10.420982360839844,0.09445299995621079,Buried
S241,51.86442947387695,0.47008533218841364,Exposed
C242,15.957019805908203,0.12090901622300795,Buried
M243,133.7147979736328,0.6939213476167166,Exposed
G244,27.229427337646484,0.7893635874624425,Exposed
G245,5.349641799926758,0.15508267546232624,Buried
M246,1.4063351154327393,0.0072982644650462095,Buried
N247,57.5967903137207,0.37089200458903404,Exposed
R248,171.7501983642578,0.6884676953276282,Exposed
R249,32.03888702392578,0.12842918913807075,Buried
P250,37.03532791137695,0.2418432910239482,Buried
I251,0.8464164733886719,0.004604793751546365,Buried
K252,39.6644172668457,0.1849058593255464,Buried
T253,1.148997187614441,0.008130902647661418,Buried
I254,4.897156715393066,0.026642199617291997,Buried
I255,0.3640633523464203,0.001980628570873767,Buried
R256,55.797332763671875,0.22366589068946452,Buried
L257,0.27454501390457153,0.001515764343147438,Buried
E258,5.587726593017578,0.032170652457605774,Buried
D259,43.46401596069336,0.3046734020667931,Exposed
S260,86.13101196289062,0.7806684809035277,Exposed
S261,95.73212432861328,0.8676903982677647,Exposed
G262,26.03221893310547,0.7546572857312227,Exposed
N263,87.49353790283203,0.5634107991888848,Exposed
L264,58.578121185302734,0.3234100889995181,Exposed
L265,35.09947967529297,0.19378439622046767,Buried
G266,0.0,0.0,Buried
L267,0.5354426503181458,0.0029561814494824933,Buried
D268,26.209985733032227,0.18372636179378143,Buried
S269,11.766275405883789,0.10664637669601998,Buried
F270,0.33417826890945435,0.0015328496236242937,Buried
E271,22.50731658935547,0.12958312252683654,Buried
V272,2.466076374053955,0.015665686817751198,Buried
R273,82.40058898925781,0.33030613143605736,Exposed
V274,3.237511157989502,0.020566206466129874,Buried
C275,9.19758129119873,0.06969161654723456,Buried
A276,88.57149505615234,0.9691153436659513,Exposed
C277,38.943424224853516,0.29508085899842634,Exposed
P278,0.0,0.0,Buried
G279,0.0,0.0,Buried
R280,125.61087036132812,0.5035163117678112,Exposed
D281,18.557025909423828,0.13008075970657706,Buried
R282,31.589815139770508,0.12662906612182184,Buried
R283,118.29890441894531,0.47420599720275963,Exposed
T284,44.4032096862793,0.3142202427426515,Exposed
E285,64.18829345703125,0.3695562490894527,Exposed
E286,49.79920196533203,0.28671281467041804,Exposed
E287,123.05453491210938,0.7084714346862699,Exposed
N288,107.12030029296875,0.689796474620114,Exposed
L289,73.0690689086914,0.4034146811250222,Exposed
R290,178.13919067382812,0.7140782323326975,Exposed
K291,191.14657592773438,0.891078813569174,Exposed
K292,201.01535034179688,0.9370846379140959,Exposed
G293,Not present in structure model,N/A,N/A
E294,Not present in structure model,N/A,N/A
P295,Not present in structure model,N/A,N/A
H296,Not present in structure model,N/A,N/A
H297,Not present in structure model,N/A,N/A
E298,Not present in structure model,N/A,N/A
L299,Not present in structure model,N/A,N/A
P300,Not present in structure model,N/A,N/A
P301,Not present in structure model,N/A,N/A
G302,Not present in structure model,N/A,N/A
S303,Not present in structure model,N/A,N/A
T304,Not present in structure model,N/A,N/A
K305,Not present in structure model,N/A,N/A
R306,Not present in structure model,N/A,N/A
A307,Not present in structure model,N/A,N/A
L308,Not present in structure model,N/A,N/A
P309,Not present in structure model,N/A,N/A
N310,Not present in structure model,N/A,N/A
N311,Not present in structure model,N/A,N/A
G312,Not present in structure model,N/A,N/A
S313,Not present in structure model,N/A,N/A
