SOLVENT ACCESSIBLE SURFACE AREAS OF TARGET PROTEOME,,,,,,
,,,,,,
Residue,Absolute SASA,Relative SASA,Exposed or Buried?,PDB ID: 4H1W,Chain 1 FASTA:,MEAAHSKSTEECLAYFGVSETTGLTPDQVKRHLEKYGHNELPAEEGKSLWELVIEQFEDLLVRILLLAACISFVLAWFEEGEETITAFVEPFVILLILIANAIVGVWQERNAENAIEALKEYEPEMGKVYRADRKSVQRIKARDIVPGDIVEVAVGDKVPADIRILSIKSTTLRVDQSILTGESVSVIKHTEPVPDPRAVNQDKKNMLFSGTNIAAGKALGIVATTGVSTEIGKIRDQMAATEQDKTPLQQKLDEFGEQLSKVISLICVAVWLINIGHFNDPVHGGSWIRGAIYYFKIAVALAVAAIPEGLPAVITTCLALGTRRMAKKNAIVRSLPSVETLGCTSVICSDKTGTLTTNQMSVCKMFIIDKVDGDFCSLNEFSITGSTYAPEGEVLKNDKPIRSGQFDGLVELATICALCNDSSLDFNETKGVYEKVGEATETALTTLVEKMNVFNTEVRNLSKVERANACNSVIRQLMKKEFTLEFSRDRKSMSVYCSPAKSSRAAVGNKMFVKGAPEGVIDRCNYVRVGTTRVPMTGPVKEKILSVIKEWGTGRDTLRCLALATRDTPPKREEMVLDDSSRFMEYETDLTFVGVVGMLDPPRKEVMGSIQLCRDAGIRVIMITGDNKGTAIAICRRIGIFGENEEVADRAYTGREFDDLPLAEQREACRRACCFARVEPSHKSKIVEYLQSYDEITAMTGDGVNDAPALKKAEIGIAMGSGTAVAKTASEMVLADDNFSTIVAAVEEGRAIYNNMKQFIRYLISSNVGEVVCIFLTAALGLPEALIPVQLLWVNLVTDGLPATALGFNPPDLDIMDRPPRSPKEPLISGWLFFRYMAIGGYVGAATVGAAAWWFMYAEDGPGVTYHQLTHFMQCTEDHPHFEGLDCEIFEAPEPMTMALSVLVTIEMCNALNSLSENQSLMRMPPWVNIWLLGSICLSMSLHFLILYVDPLPMIFKLKALDLTQWLMVLKISLPVIGLDEILKFIARNYLEG
M1,5.642381668,0.029281494,Buried,,,
E2,144.5133362,0.832017858,Exposed,,,
A3,16.74171257,0.183181401,Buried,,,
A4,2.214603662,0.024231344,Buried,,,
H5,10.89309216,0.055962704,Buried,,,
S6,3.992096901,0.0361833,Buried,,,
K7,83.82110596,0.390753595,Exposed,,,
S8,25.65627861,0.232541655,Buried,,,
T9,45.27954102,0.32042162,Exposed,,,
E10,127.0161362,0.731279869,Exposed,,,
E11,78.92076111,0.45437663,Exposed,,,
C12,0.687575936,0.005209878,Buried,,,
L13,25.62934875,0.141499758,Buried,,,
A14,40.74726868,0.445840993,Exposed,,,
Y15,102.0569916,0.441539485,Exposed,,,
F16,6.027040482,0.027645564,Buried,,,
G17,0,0,Buried,,,
V18,0,0,Buried,,,
S19,41.73424149,0.378268015,Exposed,,,
E20,59.11314774,0.340336718,Exposed,,,
T21,89.5282135,0.633548277,Exposed,,,
T22,54.51238632,0.385758043,Exposed,,,
G23,0,0,Buried,,,
L24,0,0,Buried,,,
T25,53.24358368,0.376779334,Exposed,,,
P26,64.17209625,0.419048293,Exposed,,,
D27,71.30589294,0.49983897,Exposed,,,
Q28,22.25727272,0.120844344,Buried,,,
V29,19.14860725,0.121641036,Buried,,,
K30,129.9860382,0.605963273,Exposed,,,
R31,112.8014526,0.452169237,Exposed,,,
H32,15.82034016,0.081276189,Buried,,,
L33,42.72675323,0.23589461,Buried,,,
E34,122.0934143,0.7029379,Exposed,,,
K35,110.7763519,0.516412391,Exposed,,,
Y36,49.22616577,0.21297214,Buried,,,
G37,0,0,Buried,,,
H38,53.69449997,0.275852748,Exposed,,,
N39,7.457345963,0.048021252,Buried,,,
E40,67.42583466,0.388195997,Exposed,,,
L41,49.91703033,0.275592165,Exposed,,,
P42,71.1162262,0.464393949,Exposed,,,
A43,36.47039795,0.399045113,Exposed,,,
E44,138.5289307,0.797563376,Exposed,,,
E45,109.7114716,0.631650379,Exposed,,,
G46,0,0,Buried,,,
K47,92.68715668,0.432084965,Exposed,,,
S48,32.27066803,0.292492713,Exposed,,,
L49,66.7951355,0.368776265,Exposed,,,
W50,199.0788422,0.759403908,Exposed,,,
E51,87.95263672,0.506376549,Exposed,,,
L52,37.73723984,0.208347483,Buried,,,
V53,25.83952141,0.164144896,Buried,,,
I54,105.1936493,0.572289262,Exposed,,,
E55,72.86186981,0.419493304,Exposed,,,
Q56,87.67021179,0.475999436,Exposed,,,
F57,30.54414749,0.140103619,Buried,,,
E58,88.37119293,0.508786335,Exposed,,,
D59,61.02602386,0.4277793,Exposed,,,
L60,129.8306122,0.716795435,Exposed,,,
L61,59.00895691,0.325788735,Exposed,,,
V62,17.74300003,0.112711952,Buried,,,
R63,129.9961853,0.521095026,Exposed,,,
I64,56.97186279,0.309946328,Exposed,,,
L65,0.653396487,0.003607405,Buried,,,
L66,39.86595154,0.22010011,Buried,,,
L67,92.81985474,0.512458865,Exposed,,,
A68,0,0,Buried,,,
A69,1.576473475,0.017249168,Buried,,,
C70,71.41929626,0.54115599,Exposed,,,
I71,58.74105072,0.319571312,Exposed,,,
S72,19.24426079,0.174424838,Buried,,,
F73,77.86375427,0.35715496,Exposed,,,
V74,86.21655273,0.547688437,Exposed,,,
L75,47.71524811,0.263436114,Exposed,,,
A76,32.73719788,0.358197869,Exposed,,,
W77,162.5531464,0.6200734,Exposed,,,
F78,106.7080307,0.489461404,Exposed,,,
E79,88.26676178,0.508185086,Exposed,,,
E80,Not present in structure model,N/A,N/A,,,
G81,Not present in structure model,N/A,N/A,,,
E82,Not present in structure model,N/A,N/A,,,
E83,Not present in structure model,N/A,N/A,,,
T84,Not present in structure model,N/A,N/A,,,
I85,Not present in structure model,N/A,N/A,,,
T86,36.07826996,0.255308633,Exposed,,,
A87,30.46810722,0.333370349,Exposed,,,
F88,49.8982811,0.228879519,Buried,,,
V89,17.06304741,0.10839257,Buried,,,
E90,27.56007576,0.158673765,Buried,,,
P91,14.85219765,0.096985893,Buried,,,
F92,114.2860107,0.524221007,Exposed,,,
V93,0.823502004,0.005231275,Buried,,,
I94,2.136917114,0.011625557,Buried,,,
L95,61.13038254,0.337501136,Exposed,,,
L96,37.31972504,0.206042382,Buried,,,
I97,4.05558157,0.022063744,Buried,,,
L98,14.73926258,0.08137554,Buried,,,
I99,61.5671463,0.334946235,Exposed,,,
A100,0,0,Buried,,,
N101,45.00082397,0.289780832,Exposed,,,
A102,2.582870483,0.028260779,Buried,,,
I103,42.79279327,0.232807363,Buried,,,
V104,9.965064049,0.063302813,Buried,,,
G105,0,0,Buried,,,
V106,11.22301865,0.071293938,Buried,,,
W107,67.3971405,0.257092373,Exposed,,,
Q108,50.39535522,0.273618144,Exposed,,,
E109,104.1312637,0.599523015,Exposed,,,
R110,109.7915344,0.440103857,Exposed,,,
N111,59.25408173,0.38156406,Exposed,,,
A112,5.807585716,0.063544376,Buried,,,
E113,79.3345108,0.456758743,Exposed,,,
N114,58.64757156,0.377658464,Exposed,,,
A115,11.88676071,0.130060379,Buried,,,
I116,29.72213554,0.161698535,Buried,,,
E117,87.25627899,0.502367354,Exposed,,,
A118,25.97267723,0.284183077,Exposed,,,
L119,9.380457878,0.051789553,Buried,,,
K120,118.9765091,0.554639528,Exposed,,,
E121,115.3037338,0.663847145,Exposed,,,
Y122,66.66676331,0.288427161,Exposed,,,
E123,26.99717522,0.155432934,Buried,,,
P124,37.061203,0.242012257,Buried,,,
E125,93.38250732,0.537638365,Exposed,,,
M126,34.49481201,0.179012995,Buried,,,
G127,0,0,Buried,,,
K128,51.50849533,0.240120069,Buried,,,
V129,0,0,Buried,,,
Y130,51.37667084,0.222276087,Buried,,,
R131,30.689394,0.123019691,Buried,,,
A132,16.37369728,0.179154719,Buried,,,
D133,60.94876099,0.427237703,Exposed,,,
R134,112.3678131,0.450430975,Exposed,,,
K135,161.5045319,0.752894819,Exposed,,,
S136,35.60827255,0.322743869,Exposed,,,
V137,39.39195251,0.250236366,Exposed,,,
Q138,24.94010735,0.135410612,Buried,,,
R139,136.6769714,0.547875231,Exposed,,,
I140,24.38199997,0.13264638,Buried,,,
K141,95.68386078,0.44605487,Exposed,,,
A142,7.028831005,0.076906774,Buried,,,
R143,82.32780457,0.330014372,Exposed,,,
D144,45.85954666,0.321465557,Exposed,,,
I145,0,0,Buried,,,
V146,0.044715255,0.000284053,Buried,,,
P147,3.698664904,0.024152541,Buried,,,
G148,0,0,Buried,,,
D149,0,0,Buried,,,
I150,0.049531367,0.000269467,Buried,,,
V151,1.38028276,0.008768211,Buried,,,
E152,24.27097893,0.139737193,Buried,,,
V153,5.004639149,0.031791842,Buried,,,
A154,23.74849319,0.259846908,Exposed,,,
V155,52.38729477,0.332788944,Exposed,,,
G156,0,0,Buried,,,
D157,32.26631927,0.226179957,Buried,,,
K158,44.07731628,0.20547772,Buried,,,
V159,0,0,Buried,,,
P160,5.260792732,0.034353346,Buried,,,
A161,0,0,Buried,,,
D162,10.21696377,0.071618718,Buried,,,
I163,1.429891348,0.007779096,Buried,,,
R164,0.589514971,0.002363095,Buried,,,
I165,0.365589291,0.00198893,Buried,,,
L166,0.145627752,0.000804012,Buried,,,
S167,28.46710968,0.258018277,Exposed,,,
I168,20.9513588,0.113982524,Buried,,,
K169,73.94958496,0.344734966,Exposed,,,
S170,13.0156374,0.11797026,Buried,,,
T171,69.33641815,0.490660614,Exposed,,,
T172,71.74664307,0.507716621,Exposed,,,
L173,0,0,Buried,,,
R174,85.76642609,0.343798227,Exposed,,,
V175,0.272227049,0.001729315,Buried,,,
D176,47.10305023,0.330182249,Exposed,,,
Q177,3.049340248,0.016556185,Buried,,,
S178,36.45584488,0.330426038,Exposed,,,
I179,65.88356018,0.358428995,Exposed,,,
L180,6.037974358,0.033335685,Buried,,,
T181,3.917031527,0.027718956,Buried,,,
G182,0,0,Buried,,,
E183,33.07576752,0.190429686,Buried,,,
S184,74.46159363,0.674899991,Exposed,,,
V185,100.8043823,0.640357249,Exposed,,,
S186,18.25590515,0.165466647,Buried,,,
V187,19.4986248,0.123864513,Buried,,,
I188,74.56114197,0.405637994,Exposed,,,
K189,3.095105886,0.01442863,Buried,,,
H190,58.9865303,0.303040283,Exposed,,,
T191,29.86166191,0.211316676,Buried,,,
E192,119.3976669,0.687417465,Exposed,,,
P193,41.01116943,0.267805815,Exposed,,,
V194,18.12623215,0.115146424,Buried,,,
P195,82.85570526,0.541053572,Exposed,,,
D196,73.09933472,0.512410612,Exposed,,,
P197,69.35588074,0.45289877,Exposed,,,
R198,183.6697998,0.736247905,Exposed,,,
A199,5.094689369,0.055744138,Buried,,,
V200,82.99246979,0.527207532,Exposed,,,
N201,31.45967674,0.202583208,Buried,,,
Q202,87.950737,0.477522529,Exposed,,,
D203,65.7188797,0.460675209,Exposed,,,
K204,23.27700424,0.108511728,Buried,,,
K205,90.79116821,0.423246328,Exposed,,,
N206,0,0,Buried,,,
M207,13.06792068,0.067816796,Buried,,,
L208,4.149529457,0.022909572,Buried,,,
F209,2.22988987,0.010228331,Buried,,,
S210,16.36073494,0.14828933,Buried,,,
G211,0,0,Buried,,,
T212,0.396985173,0.002809274,Buried,,,
N213,26.55964088,0.171029642,Buried,,,
I214,0,0,Buried,,,
A215,19.97212791,0.218527367,Buried,,,
A216,31.52409363,0.344924547,Exposed,,,
G217,0,0,Buried,,,
K218,88.40807343,0.412136921,Exposed,,,
A219,0.455920845,0.004988511,Buried,,,
L220,17.00332832,0.093875458,Buried,,,
G221,0,0,Buried,,,
I222,2.256798029,0.01227775,Buried,,,
V223,0,0,Buried,,,
A224,2.58830452,0.028320236,Buried,,,
T225,26.56144905,0.18796265,Buried,,,
T226,3.048785686,0.021574796,Buried,,,
G227,0,0,Buried,,,
V228,55.00943375,0.349446015,Exposed,,,
S229,56.45256042,0.511670925,Exposed,,,
T230,5.03335619,0.03561865,Buried,,,
E231,29.89946365,0.172142505,Buried,,,
I232,23.15119553,0.125950385,Buried,,,
G233,0,0,Buried,,,
K234,97.61754608,0.455069241,Exposed,,,
I235,86.80512238,0.472249416,Exposed,,,
R236,118.4897385,0.474970963,Exposed,,,
D237,67.00280762,0.469675268,Exposed,,,
Q238,127.8011932,0.693887863,Exposed,,,
M239,105.3976059,0.5469675,Exposed,,,
A240,30.32598495,0.331815301,Exposed,,,
A241,30.45412827,0.333217396,Exposed,,,
T242,57.83311081,0.409257219,Exposed,,,
E243,144.3735352,0.831212971,Exposed,,,
Q244,106.3287582,0.577304742,Exposed,,,
D245,68.4022522,0.479485073,Exposed,,,
K246,105.5454102,0.492027013,Exposed,,,
T247,6.053304195,0.042836334,Buried,,,
P248,51.30326843,0.335013944,Exposed,,,
L249,16.74603844,0.092454959,Buried,,,
Q250,3.640966177,0.019768378,Buried,,,
Q251,110.7676315,0.601405301,Exposed,,,
K252,99.75010681,0.46501072,Exposed,,,
L253,3.589041471,0.019815115,Buried,,,
D254,59.99491501,0.420551448,Exposed,,,
E255,100.0347748,0.575937981,Exposed,,,
F256,26.27823257,0.120536201,Buried,,,
G257,0,0,Buried,,,
E258,105.5989304,0.607972926,Exposed,,,
Q259,90.97229004,0.493927845,Exposed,,,
L260,20.71214867,0.114351872,Buried,,,
S261,30.17278862,0.273478095,Exposed,,,
K262,114.5991745,0.534233459,Exposed,,,
V263,63.19542694,0.401447326,Exposed,,,
I264,11.52403259,0.06269466,Buried,,,
S265,47.57379913,0.431196205,Exposed,,,
L266,86.67503357,0.478533278,Exposed,,,
I267,50.49805832,0.274726628,Exposed,,,
C268,8.09839344,0.061362886,Buried,,,
V269,80.1443634,0.50911501,Exposed,,,
A270,32.31250763,0.353551071,Exposed,,,
V271,5.711603165,0.036282812,Buried,,,
W272,71.18340302,0.271535407,Exposed,,,
L273,70.57859039,0.389664737,Exposed,,,
I274,35.41959763,0.192694669,Buried,,,
N275,25.1148243,0.161725809,Buried,,,
I276,67.87597656,0.369268419,Exposed,,,
G277,0,0,Buried,,,
H278,31.27093124,0.16065281,Buried,,,
F279,1.555856347,0.007136592,Buried,,,
N280,71.85456085,0.462704293,Exposed,,,
D281,15.84039402,0.111037755,Buried,,,
P282,31.80495453,0.207688586,Buried,,,
V283,21.07700539,0.133891135,Buried,,,
H284,113.55793,0.583398058,Exposed,,,
G285,0,0,Buried,,,
G286,0,0,Buried,,,
S287,42.3032341,0.383425212,Exposed,,,
W288,136.7568054,0.521670969,Exposed,,,
I289,107.1528397,0.582947925,Exposed,,,
R290,38.21363068,0.153180902,Buried,,,
G291,0,0,Buried,,,
A292,17.89862823,0.195839928,Buried,,,
I293,26.08225441,0.141896343,Buried,,,
Y294,72.04567719,0.3116985,Exposed,,,
Y295,21.0699234,0.091156941,Buried,,,
F296,72.74230194,0.333663259,Exposed,,,
K297,16.83880806,0.078498425,Buried,,,
I298,15.1149807,0.08223064,Buried,,,
A299,6.158091068,0.067379472,Buried,,,
V300,7.17019558,0.045548483,Buried,,,
A301,1.490226984,0.016305492,Buried,,,
L302,2.231252909,0.012318758,Buried,,,
A303,10.4144516,0.113950937,Buried,,,
V304,13.80503941,0.087696158,Buried,,,
A305,0,0,Buried,,,
A306,0.044716019,0.000489266,Buried,,,
I307,34.42539978,0.187285894,Buried,,,
P308,3.353589535,0.021899175,Buried,,,
E309,35.88181305,0.20658515,Buried,,,
G310,0,0,Buried,,,
L311,6.43256855,0.035514242,Buried,,,
P312,27.8067131,0.181579789,Buried,,,
A313,23.95519638,0.262108575,Exposed,,,
V314,10.50974846,0.066762907,Buried,,,
I315,1.363056898,0.007415494,Buried,,,
T316,42.50769806,0.300806615,Exposed,,,
T317,17.84782982,0.126300541,Buried,,,
C318,0.500383496,0.00379149,Buried,,,
L319,2.996469498,0.016543523,Buried,,,
A320,5.300591946,0.057997045,Buried,,,
L321,23.20351219,0.128106702,Buried,,,
G322,0,0,Buried,,,
T323,1.504923105,0.01064962,Buried,,,
R324,61.01340866,0.244574744,Buried,,,
R325,73.08739471,0.292973811,Exposed,,,
M326,0.803502738,0.004169828,Buried,,,
A327,0,0,Buried,,,
K328,81.54233551,0.380130521,Exposed,,,
K329,87.45985413,0.407716553,Exposed,,,
N330,56.06003571,0.360996141,Exposed,,,
A331,1.539073348,0.016839951,Buried,,,
I332,10.02598572,0.054544775,Buried,,,
V333,1.009377956,0.006412048,Buried,,,
R334,68.98113251,0.276513691,Exposed,,,
S335,24.29345131,0.220189352,Buried,,,
L336,35.94989777,0.198479559,Buried,,,
P337,58.53506088,0.382238057,Exposed,,,
S338,4.870833874,0.044147937,Buried,,,
V339,0.993775666,0.006312934,Buried,,,
E340,8.839256287,0.050890937,Buried,,,
T341,55.96194077,0.396015845,Exposed,,,
L342,4.379041672,0.02417671,Buried,,,
G343,0,0,Buried,,,
C344,5.678872108,0.043029767,Buried,,,
T345,0.126710609,0.00089667,Buried,,,
S346,14.75849438,0.13376705,Buried,,,
V347,0,0,Buried,,,
I348,0.863536298,0.004697931,Buried,,,
C349,0,0,Buried,,,
S350,0.267110825,0.002421021,Buried,,,
D351,36.00338364,0.252375974,Exposed,,,
K352,7.460684776,0.034779897,Buried,,,
T353,42.1504097,0.298278256,Exposed,,,
G354,0,0,Buried,,,
T355,4.660866261,0.032982718,Buried,,,
L356,2.956513643,0.016322926,Buried,,,
T357,2.927966833,0.020719819,Buried,,,
T358,21.1475296,0.149650936,Buried,,,
N359,52.37472916,0.337264771,Exposed,,,
Q360,94.77541351,0.514576644,Exposed,,,
M361,2.147699594,0.011145622,Buried,,,
S362,3.381247759,0.030646726,Buried,,,
V363,0.043840781,0.000278497,Buried,,,
C364,17.07287979,0.129364075,Buried,,,
K365,78.40966797,0.365526788,Exposed,,,
M366,0.048950162,0.00025403,Buried,,,
F367,0,0,Buried,,,
I368,6.355358601,0.034575314,Buried,,,
I369,0,0,Buried,,,
D370,30.90581894,0.216643142,Buried,,,
K371,123.4025345,0.575272581,Exposed,,,
V372,11.54580593,0.073344436,Buried,,,
D373,112.6791611,0.78985668,Exposed,,,
G374,0,0,Buried,,,
D375,70.37041473,0.493281469,Exposed,,,
F376,140.7936707,0.645809573,Exposed,,,
C377,0.047646642,0.000361027,Buried,,,
S378,36.970047,0.335086629,Exposed,,,
L379,4.578803539,0.025279596,Buried,,,
N380,15.61286831,0.100538381,Buried,,,
E381,64.84994507,0.373365627,Exposed,,,
F382,0,0,Buried,,,
S383,37.61024475,0.34088921,Exposed,,,
I384,0.260552496,0.001417494,Buried,,,
T385,48.90716934,0.346092608,Exposed,,,
G386,0,0,Buried,,,
S387,57.96072388,0.525340516,Exposed,,,
T388,78.00859833,0.552029479,Exposed,,,
Y389,18.31293106,0.079229086,Buried,,,
A390,10.03268242,0.109773765,Buried,,,
P391,1.765366912,0.01152797,Buried,,,
E392,88.66581726,0.510482599,Exposed,,,
G393,0,0,Buried,,,
E394,88.0282135,0.506811673,Exposed,,,
V395,0.890495956,0.005656853,Buried,,,
L396,17.06336784,0.094206936,Buried,,,
K397,50.4297905,0.235091409,Buried,,,
N398,97.83189392,0.629984189,Exposed,,,
D399,103.1889191,0.723332125,Exposed,,,
K400,138.478653,0.645553776,Exposed,,,
P401,58.81361771,0.384057052,Exposed,,,
I402,22.79848289,0.124031508,Buried,,,
R403,123.2561264,0.494077224,Exposed,,,
S404,1.451751828,0.013158291,Buried,,,
G405,0,0,Buried,,,
Q406,96.98495483,0.526573198,Exposed,,,
F407,42.25943756,0.19384074,Buried,,,
D408,71.10508728,0.498431366,Exposed,,,
G409,0,0,Buried,,,
L410,0,0,Buried,,,
V411,23.49058342,0.149223328,Buried,,,
E412,25.79403305,0.148505991,Buried,,,
L413,0,0,Buried,,,
A414,0.133746341,0.001463401,Buried,,,
T415,17.7240696,0.125424749,Buried,,,
I416,0.04420967,0.000240516,Buried,,,
C417,0,0,Buried,,,
A418,0,0,Buried,,,
L419,3.360147238,0.018551389,Buried,,,
C420,0,0,Buried,,,
N421,2.210763454,0.014236114,Buried,,,
D422,62.08446503,0.435198744,Exposed,,,
S423,1.713888288,0.015534226,Buried,,,
S424,39.58529663,0.358790553,Exposed,,,
L425,0,0,Buried,,,
D426,72.90722656,0.511063975,Exposed,,,
F427,18.38206673,0.084317105,Buried,,,
N428,24.67142868,0.158870583,Buried,,,
E429,105.9633865,0.610071238,Exposed,,,
T430,101.1661758,0.715904561,Exposed,,,
K431,111.9039612,0.521669031,Exposed,,,
G432,0,0,Buried,,,
V433,73.41962433,0.466396278,Exposed,,,
Y434,7.562928677,0.032720263,Buried,,,
E435,55.71798325,0.320789474,Exposed,,,
K436,66.0771637,0.308035655,Exposed,,,
V437,63.38186264,0.402631654,Exposed,,,
G438,0,0,Buried,,,
E439,118.4981003,0.68223832,Exposed,,,
A440,0.931529403,0.010192438,Buried,,,
T441,52.50959778,0.371585268,Exposed,,,
E442,21.62397385,0.124497385,Buried,,,
T443,0,0,Buried,,,
A444,0,0,Buried,,,
L445,1.243568778,0.006865749,Buried,,,
T446,3.44434309,0.024373966,Buried,,,
T447,4.588400364,0.032469911,Buried,,,
L448,0.938030303,0.00517887,Buried,,,
V449,2.65182066,0.016845623,Buried,,,
E450,0,0,Buried,,,
K451,5.61655426,0.026183009,Buried,,,
M452,0,0,Buried,,,
N453,25.14270401,0.16190534,Buried,,,
V454,2.571337223,0.016334354,Buried,,,
F455,59.86219406,0.27458321,Exposed,,,
N456,51.79180527,0.333511058,Exposed,,,
T457,35.2926178,0.249748949,Buried,,,
E458,97.7096405,0.562551305,Exposed,,,
V459,17.73567963,0.112665449,Buried,,,
R460,149.1545105,0.597891956,Exposed,,,
N461,80.36158752,0.517484918,Exposed,,,
L462,43.82178879,0.241940307,Buried,,,
S463,44.9707756,0.407603095,Exposed,,,
K464,92.39453125,0.430720817,Exposed,,,
V465,61.73776245,0.39218755,Exposed,,,
E466,87.28819275,0.502551094,Exposed,,,
R467,29.86523438,0.119716014,Buried,,,
A468,0.530868888,0.005808564,Buried,,,
N469,30.73657036,0.197926796,Buried,,,
A470,7.726388454,0.08453918,Buried,,,
C471,3.429925919,0.025989124,Buried,,,
N472,4.356551647,0.028053823,Buried,,,
S473,40.9214325,0.370900931,Exposed,,,
V474,37.2191124,0.236433455,Buried,,,
I475,2.840980768,0.015455903,Buried,,,
R476,98.73914337,0.395799895,Exposed,,,
Q477,127.8421173,0.694110058,Exposed,,,
L478,74.36652374,0.410577936,Exposed,,,
M479,28.76360703,0.149270546,Buried,,,
K480,119.2456512,0.555894203,Exposed,,,
K481,45.45689011,0.211908958,Buried,,,
E482,17.08493614,0.09836443,Buried,,,
F483,34.67229843,0.159039125,Buried,,,
T484,27.272995,0.19299792,Buried,,,
L485,0.893056154,0.004930567,Buried,,,
E486,96.31562805,0.554525449,Exposed,,,
F487,94.7957077,0.434820509,Exposed,,,
S488,6.941638947,0.062917161,Buried,,,
R489,148.3149872,0.594526693,Exposed,,,
D490,44.80426025,0.314068226,Exposed,,,
R491,0,0,Buried,,,
K492,85.2514267,0.397421402,Exposed,,,
S493,0,0,Buried,,,
M494,16.65775681,0.086446476,Buried,,,
S495,0.322294861,0.002921195,Buried,,,
V496,0.090505853,0.000574936,Buried,,,
Y497,3.959405899,0.017129978,Buried,,,
C498,0,0,Buried,,,
S499,10.08198071,0.09138038,Buried,,,
P500,38.07155228,0.248609909,Buried,,,
A501,16.30807877,0.178436746,Buried,,,
K502,159.3362122,0.74278664,Exposed,,,
S503,21.47037697,0.194601761,Buried,,,
S504,72.53684235,0.657454559,Exposed,,,
R505,155.4991913,0.623324869,Exposed,,,
A506,23.51484871,0.25729046,Exposed,,,
A507,10.8592205,0.118817428,Buried,,,
V508,95.61523438,0.60739332,Exposed,,,
G509,0,0,Buried,,,
N510,9.124503136,0.058756838,Buried,,,
K511,59.0688858,0.275364769,Exposed,,,
M512,0.702319622,0.003644732,Buried,,,
F513,11.38562965,0.052224994,Buried,,,
V514,0,0,Buried,,,
K515,23.19862747,0.108146355,Buried,,,
G516,0,0,Buried,,,
A517,22.07001495,0.241481643,Buried,,,
P518,9.820889473,0.064131098,Buried,,,
E519,57.98719406,0.333854178,Exposed,,,
G520,0,0,Buried,,,
V521,0,0,Buried,,,
I522,4.6012187,0.025032196,Buried,,,
D523,100.9710236,0.707785155,Exposed,,,
R524,8.8980093,0.035668034,Buried,,,
C525,0,0,Buried,,,
N526,66.88499451,0.430702988,Exposed,,,
Y527,58.89505768,0.254803645,Exposed,,,
V528,1.852677584,0.011769087,Buried,,,
R529,21.31664276,0.085448634,Buried,,,
V530,21.17558289,0.134517346,Buried,,,
G531,0,0,Buried,,,
T532,69.00159454,0.488291228,Exposed,,,
T533,74.10784912,0.524425745,Exposed,,,
R534,72.93862915,0.292377478,Exposed,,,
V535,45.5158844,0.289138486,Exposed,,,
P536,77.46353912,0.505842348,Exposed,,,
M537,3.086704969,0.016018649,Buried,,,
T538,25.98726082,0.183899395,Buried,,,
G539,0,0,Buried,,,
P540,40.36380005,0.263578448,Exposed,,,
V541,3.117968082,0.019806812,Buried,,,
K542,70.25866699,0.327528805,Exposed,,,
E543,119.1281662,0.685865847,Exposed,,,
K544,73.99843597,0.344962698,Exposed,,,
I545,0,0,Buried,,,
L546,63.43867111,0.350245209,Exposed,,,
S547,39.38788986,0.35700131,Exposed,,,
V548,10.52741623,0.066875141,Buried,,,
I549,19.59982872,0.10662974,Buried,,,
K550,129.8899689,0.605515421,Exposed,,,
E551,116.2021332,0.66901957,Exposed,,,
W552,5.655152321,0.02157208,Buried,,,
G553,0,0,Buried,,,
T554,51.68920135,0.365779715,Exposed,,,
G555,0,0,Buried,,,
R556,185.9863434,0.745533865,Exposed,,,
D557,60.92294312,0.427056726,Exposed,,,
T558,7.332787514,0.051890624,Buried,,,
L559,3.508662701,0.019371344,Buried,,,
R560,72.54680634,0.290806841,Exposed,,,
C561,1.430077314,0.010835936,Buried,,,
L562,29.22395706,0.161345608,Buried,,,
A563,0.131890461,0.001443095,Buried,,,
L564,0.176742435,0.000975796,Buried,,,
A565,0,0,Buried,,,
T566,1.559580564,0.011036405,Buried,,,
R567,37.33111954,0.14964332,Buried,,,
D568,17.45776939,0.122375208,Buried,,,
T569,90.32693481,0.639200445,Exposed,,,
P570,4.743232727,0.030973643,Buried,,,
P571,17.86231232,0.116642153,Buried,,,
K572,115.3419647,0.537696166,Exposed,,,
R573,60.70594025,0.243342245,Buried,,,
E574,87.82699585,0.505653187,Exposed,,,
E575,77.62848663,0.446936518,Exposed,,,
M576,1.49470675,0.007756875,Buried,,,
V577,57.16057205,0.363111066,Exposed,,,
L578,44.91616821,0.247982381,Buried,,,
D579,72.3859024,0.507409604,Exposed,,,
D580,67.25634766,0.471452529,Exposed,,,
S581,30.06424141,0.272494252,Exposed,,,
S582,49.3486557,0.447283031,Exposed,,,
R583,86.51701355,0.346806988,Exposed,,,
F584,0.850147069,0.003899558,Buried,,,
M585,75.46891785,0.391650692,Exposed,,,
E586,118.8131714,0.684052303,Exposed,,,
Y587,18.95396233,0.082002444,Buried,,,
E588,0,0,Buried,,,
T589,44.00476837,0.311400664,Exposed,,,
D590,56.30631638,0.394695165,Exposed,,,
L591,0,0,Buried,,,
T592,0.079155475,0.000560145,Buried,,,
F593,0,0,Buried,,,
V594,1.292160273,0.008208415,Buried,,,
G595,0,0,Buried,,,
V596,0.110931918,0.000704692,Buried,,,
V597,0.044468571,0.000282485,Buried,,,
G598,0,0,Buried,,,
M599,0.269118667,0.001396608,Buried,,,
L600,26.34162903,0.145432261,Buried,,,
D601,5.246068001,0.036773808,Buried,,,
P602,40.24404144,0.262796416,Exposed,,,
P603,16.31355858,0.106528683,Buried,,,
R604,34.30912781,0.137529542,Buried,,,
K605,142.4963989,0.664283529,Exposed,,,
E606,78.79840851,0.4536722,Exposed,,,
V607,1.061696172,0.006744398,Buried,,,
M608,110.4181824,0.573022097,Exposed,,,
G609,0,0,Buried,,,
S610,14.00100327,0.126901353,Buried,,,
I611,5.780511856,0.031447952,Buried,,,
Q612,82.90133667,0.450107154,Exposed,,,
L613,63.53421783,0.350772722,Exposed,,,
C614,0.895866215,0.006788129,Buried,,,
R615,91.43081665,0.366504168,Exposed,,,
D616,52.14315414,0.365512294,Exposed,,,
A617,0,0,Buried,,,
G618,0,0,Buried,,,
I619,1.824133635,0.009923908,Buried,,,
R620,33.18918228,0.133040195,Buried,,,
V621,4.999890327,0.031761675,Buried,,,
I622,0.268005729,0.001458042,Buried,,,
M623,0.195144087,0.001012713,Buried,,,
I624,7.147669315,0.038885754,Buried,,,
T625,0.971767008,0.00687673,Buried,,,
G626,0,0,Buried,,,
D627,6.301260948,0.044170484,Buried,,,
N628,66.53355408,0.428439903,Exposed,,,
K629,47.32891464,0.220635881,Buried,,,
G630,0,0,Buried,,,
T631,6.551854134,0.046364333,Buried,,,
A632,0,0,Buried,,,
I633,26.13230133,0.142168615,Buried,,,
A634,8.06859684,0.088283493,Buried,,,
I635,11.5236454,0.062692554,Buried,,,
C636,0,0,Buried,,,
R637,63.53907776,0.254698992,Exposed,,,
R638,74.54260254,0.298807071,Exposed,,,
I639,4.308535576,0.0234399,Buried,,,
G640,0,0,Buried,,,
I641,3.261401653,0.017743135,Buried,,,
F642,0,0,Buried,,,
G643,0,0,Buried,,,
E644,137.4296722,0.79123453,Exposed,,,
N645,105.8826599,0.681826744,Exposed,,,
E646,48.47686768,0.279099637,Exposed,,,
E647,104.8027802,0.603389189,Exposed,,,
V648,4.771724701,0.030312259,Buried,,,
A649,43.88747787,0.480199958,Exposed,,,
D650,60.22920227,0.422193752,Exposed,,,
R651,60.87941742,0.244037635,Buried,,,
A652,0.134080082,0.001467053,Buried,,,
Y653,23.63470268,0.102253205,Buried,,,
T654,26.53515244,0.187776562,Buried,,,
G655,0,0,Buried,,,
R656,163.9469452,0.657188036,Exposed,,,
E657,56.18801117,0.323495602,Exposed,,,
F658,3.379549026,0.015501727,Buried,,,
D659,50.20298004,0.351912091,Exposed,,,
D660,87.24997711,0.611603571,Exposed,,,
L661,29.13858986,0.160874295,Buried,,,
P662,62.00101089,0.404870953,Exposed,,,
L663,99.9763031,0.551969651,Exposed,,,
A664,50.79105377,0.555736239,Exposed,,,
E665,90.45052338,0.520757826,Exposed,,,
Q666,3.790633917,0.020580988,Buried,,,
R667,94.13794708,0.377355811,Exposed,,,
E668,66.44843292,0.382568726,Exposed,,,
A669,0,0,Buried,,,
C670,0.139022976,0.0010534,Buried,,,
R671,111.79422,0.448131704,Exposed,,,
R672,64.56826019,0.258824512,Exposed,,,
A673,0,0,Buried,,,
C674,8.576774597,0.06498766,Buried,,,
C675,0.505632877,0.003831265,Buried,,,
F676,3.386200666,0.015532238,Buried,,,
A677,0.580718577,0.006354,Buried,,,
R678,89.65880585,0.359400991,Exposed,,,
V679,12.56155777,0.079796973,Buried,,,
E680,82.51958466,0.475096416,Exposed,,,
P681,39.65358734,0.258940709,Exposed,,,
S682,52.30361176,0.474065963,Exposed,,,
H683,8.944778442,0.045953342,Buried,,,
K684,12.72988319,0.059343617,Buried,,,
S685,21.93705559,0.198831611,Buried,,,
K686,58.36658859,0.27209083,Exposed,,,
I687,5.195612431,0.0282659,Buried,,,
V688,0,0,Buried,,,
E689,78.50898743,0.452005893,Exposed,,,
Y690,26.186203,0.113292019,Buried,,,
L691,0,0,Buried,,,
Q692,40.6452179,0.220680439,Buried,,,
S693,28.40626717,0.257466816,Exposed,,,
Y694,45.4571228,0.196665748,Buried,,,
D695,102.1350861,0.715944982,Exposed,,,
E696,40.57904816,0.233628907,Buried,,,
I697,27.18693161,0.147906163,Buried,,,
T698,0,0,Buried,,,
A699,1.598053098,0.017485284,Buried,,,
M700,0.295120806,0.001531548,Buried,,,
T701,0.926362634,0.006555425,Buried,,,
G702,0,0,Buried,,,
D703,63.29569244,0.443689188,Exposed,,,
G704,0,0,Buried,,,
V705,26.97946548,0.171386361,Buried,,,
N706,93.31588745,0.600903564,Exposed,,,
D707,24.70221519,0.173157215,Buried,,,
A708,15.18045425,0.166098711,Buried,,,
P709,62.42367172,0.407630958,Exposed,,,
A710,1.468150377,0.016063939,Buried,,,
L711,0.155751809,0.000859906,Buried,,,
K712,108.6173096,0.506347461,Exposed,,,
K713,62.08812332,0.289439719,Exposed,,,
A714,0,0,Buried,,,
E715,33.78211594,0.194496401,Buried,,,
I716,0,0,Buried,,,
G717,0,0,Buried,,,
I718,2.073558092,0.011280862,Buried,,,
A719,0.235792965,0.002579956,Buried,,,
M720,9.580434799,0.049718268,Buried,,,
G721,0,0,Buried,,,
S722,48.27423096,0.437544732,Exposed,,,
G723,0,0,Buried,,,
T724,24.29546356,0.171927356,Buried,,,
A725,19.9188652,0.217944587,Buried,,,
V726,17.87105179,0.113525397,Buried,,,
A727,0.387722135,0.004242307,Buried,,,
K728,28.93172646,0.134872667,Buried,,,
T729,43.10697556,0.305047415,Exposed,,,
A730,0.326989233,0.003577791,Buried,,,
S731,0,0,Buried,,,
E732,34.13269043,0.196514791,Buried,,,
M733,1.138801694,0.005909883,Buried,,,
V734,1.786625862,0.011349495,Buried,,,
L735,0,0,Buried,,,
A736,18.30358124,0.200270769,Buried,,,
D737,36.58120346,0.256426367,Exposed,,,
D738,23.08028603,0.16178784,Buried,,,
N739,14.41750622,0.092840899,Buried,,,
F740,0,0,Buried,,,
S741,13.0113802,0.117931674,Buried,,,
T742,3.611308336,0.025555499,Buried,,,
I743,1.578691721,0.00858862,Buried,,,
V744,6.648256779,0.04223288,Buried,,,
A745,25.50775528,0.279096079,Exposed,,,
A746,0.314245582,0.003438355,Buried,,,
V747,3.368634462,0.021399164,Buried,,,
E748,65.80472565,0.37886266,Exposed,,,
E749,9.405457497,0.054150771,Buried,,,
G750,0,0,Buried,,,
R751,13.61088562,0.054559792,Buried,,,
A752,3.00416851,0.03287046,Buried,,,
I753,2.111144543,0.011485345,Buried,,,
Y754,11.1565609,0.048267758,Buried,,,
N755,39.77498245,0.256129255,Exposed,,,
N756,12.8324337,0.082633894,Buried,,,
M757,5.288175583,0.02744332,Buried,,,
K758,25.2445755,0.117684067,Buried,,,
Q759,7.252225399,0.039375463,Buried,,,
F760,19.62904549,0.090036899,Buried,,,
I761,4.266084671,0.023208953,Buried,,,
R762,7.335949421,0.029406453,Buried,,,
Y763,3.632632971,0.015716227,Buried,,,
L764,24.24403572,0.133851438,Buried,,,
I765,4.125255108,0.022442792,Buried,,,
S766,2.639368057,0.023922527,Buried,,,
S767,9.687853813,0.087808119,Buried,,,
N768,6.504786491,0.041887287,Buried,,,
V769,18.16048431,0.11536401,Buried,,,
G770,0,0,Buried,,,
E771,7.840042591,0.045138086,Buried,,,
V772,15.43593693,0.098056393,Buried,,,
V773,33.04594803,0.209923536,Buried,,,
C774,1.929449201,0.01461976,Buried,,,
I775,7.713202,0.041962445,Buried,,,
F776,72.95262909,0.334628013,Exposed,,,
L777,48.10173416,0.265569906,Exposed,,,
T778,9.264679909,0.065561701,Buried,,,
A779,4.711954117,0.051556396,Buried,,,
A780,15.67424107,0.171501537,Buried,,,
L781,87.42720032,0.482685994,Exposed,,,
G782,0,0,Buried,,,
L783,24.85412216,0.137219728,Buried,,,
P784,14.21776581,0.092843009,Buried,,,
E785,30.88680077,0.177826978,Buried,,,
A786,3.292047501,0.036020322,Buried,,,
L787,1.817454457,0.010034175,Buried,,,
I788,21.64093399,0.117734048,Buried,,,
P789,7.41994524,0.048452763,Buried,,,
V790,0.900289893,0.005719068,Buried,,,
Q791,0.902496159,0.004900041,Buried,,,
L792,5.583612919,0.030827154,Buried,,,
L793,5.472172737,0.030211892,Buried,,,
W794,5.703197479,0.021755353,Buried,,,
V795,2.692935705,0.017106805,Buried,,,
N796,11.73954964,0.075596315,Buried,,,
L797,0.71867162,0.003967789,Buried,,,
V798,9.998560905,0.063515601,Buried,,,
T799,6.113341331,0.043261188,Buried,,,
D800,34.2196312,0.239872253,Buried,,,
G801,0,0,Buried,,,
L802,2.191695213,0.01210036,Buried,,,
P803,0,0,Buried,,,
A804,9.946476936,0.108830538,Buried,,,
T805,9.901845932,0.07007062,Buried,,,
A806,0,0,Buried,,,
L807,3.003564596,0.016582695,Buried,,,
G808,0,0,Buried,,,
F809,14.35108662,0.065827314,Buried,,,
N810,0.082244053,0.000529607,Buried,,,
P811,24.43074799,0.159534499,Buried,,,
P812,60.68571472,0.396281977,Exposed,,,
D813,10.0395174,0.070374857,Buried,,,
L814,58.66090393,0.323867133,Exposed,,,
D815,53.11528778,0.372326741,Exposed,,,
I816,13.41984463,0.073008523,Buried,,,
M817,8.126694679,0.042173993,Buried,,,
D818,71.60060883,0.501904865,Exposed,,,
R819,94.33821869,0.378158608,Exposed,,,
P820,81.52765656,0.53238132,Exposed,,,
P821,15.42622852,0.100734355,Buried,,,
R822,34.90768051,0.139928865,Buried,,,
S823,48.31891632,0.437949748,Exposed,,,
P824,47.87649918,0.3126369,Exposed,,,
K825,150.6476898,0.702282864,Exposed,,,
E826,57.71818924,0.332305415,Exposed,,,
P827,66.47231293,0.43406887,Exposed,,,
L828,13.29511261,0.073402381,Buried,,,
I829,17.11068535,0.093087953,Buried,,,
S830,42.62467957,0.386338708,Exposed,,,
G831,0,0,Buried,,,
W832,62.47753143,0.238326087,Buried,,,
L833,11.80772018,0.06519048,Buried,,,
F834,66.92879486,0.306997156,Exposed,,,
F835,109.1303864,0.50057256,Exposed,,,
R836,2.359245539,0.009457132,Buried,,,
Y837,0.984700024,0.004260207,Buried,,,
M838,68.17067719,0.353776014,Exposed,,,
A839,12.59008884,0.137755926,Buried,,,
I840,4.385112286,0.023856504,Buried,,,
G841,0,0,Buried,,,
G842,0,0,Buried,,,
Y843,58.24552536,0.251993507,Exposed,,,
V844,0.449976712,0.002858466,Buried,,,
G845,0,0,Buried,,,
A846,38.01696014,0.415967004,Exposed,,,
A847,1.661524177,0.018179761,Buried,,,
T848,1.67416966,0.011847297,Buried,,,
V849,10.81925583,0.068729045,Buried,,,
G850,0,0,Buried,,,
A851,0,0,Buried,,,
A852,7.872365475,0.086136405,Buried,,,
A853,19.19993782,0.210078359,Buried,,,
W854,55.59127045,0.212057834,Buried,,,
W855,21.09121132,0.080454297,Buried,,,
F856,5.620105743,0.025778986,Buried,,,
M857,39.54417038,0.205216957,Buried,,,
Y858,98.24614716,0.425052243,Exposed,,,
A859,2.719981432,0.029760994,Buried,,,
E860,141.778717,0.816273623,Exposed,,,
D861,76.84638977,0.538676661,Exposed,,,
G862,0,0,Buried,,,
P863,39.16095734,0.2557238,Exposed,,,
G864,0,0,Buried,,,
V865,12.52639771,0.07957362,Buried,,,
T866,58.54370499,0.414285754,Exposed,,,
Y867,155.2906952,0.671849841,Exposed,,,
H868,52.4863472,0.269645925,Exposed,,,
Q869,103.8914108,0.56407133,Exposed,,,
L870,8.376740456,0.046248024,Buried,,,
T871,63.67636871,0.450607156,Exposed,,,
H872,21.16514015,0.108734825,Buried,,,
F873,129.7271729,0.595048412,Exposed,,,
M874,38.80182648,0.201364517,Buried,,,
Q875,90.28543091,0.49019859,Exposed,,,
C876,2.78217268,0.021080989,Buried,,,
T877,59.39790726,0.420330534,Exposed,,,
E878,87.38661194,0.50311773,Exposed,,,
D879,55.59732819,0.389725311,Exposed,,,
H880,90.02344513,0.462490846,Exposed,,,
P881,16.51771355,0.107861829,Buried,,,
H882,21.86649704,0.11233801,Buried,,,
F883,133.0517578,0.610298023,Exposed,,,
E884,Not present in structure model,N/A,N/A,,,
G885,Not present in structure model,N/A,N/A,,,
L886,Not present in structure model,N/A,N/A,,,
D887,57.92632294,0.406051063,Exposed,,,
C888,55.8740921,0.42336737,Exposed,,,
E889,74.87618256,0.431090463,Exposed,,,
I890,107.8165131,0.586558534,Exposed,,,
F891,37.35260391,0.171333477,Buried,,,
E892,126.6717072,0.729296861,Exposed,,,
A893,4.073768139,0.044573609,Buried,,,
P894,40.61512756,0.265219634,Exposed,,,
E895,35.90246201,0.206704034,Buried,,,
P896,5.532372952,0.036126784,Buried,,,
M897,14.80561447,0.076834667,Buried,,,
T898,2.03324461,0.014388298,Buried,,,
M899,2.82910037,0.014681794,Buried,,,
A900,0.282845259,0.003094784,Buried,,,
L901,3.26266861,0.018013209,Buried,,,
S902,0,0,Buried,,,
V903,0,0,Buried,,,
L904,4.232503891,0.023367674,Buried,,,
V905,11.19529915,0.07111785,Buried,,,
T906,17.48456001,0.123729855,Buried,,,
I907,0.044209663,0.000240516,Buried,,,
E908,6.307313919,0.036313588,Buried,,,
M909,7.7778368,0.040363573,Buried,,,
C910,11.48191261,0.087000378,Buried,,,
N911,1.706428409,0.010988471,Buried,,,
A912,0,0,Buried,,,
L913,27.14868736,0.149888034,Buried,,,
N914,0,0,Buried,,,
S915,0.379934549,0.003443625,Buried,,,
L916,1.816071391,0.010026539,Buried,,,
S917,0.41805321,0.003789123,Buried,,,
E918,16.45458603,0.094735267,Buried,,,
N919,23.57196808,0.151790654,Buried,,,
Q920,37.77914429,0.205119287,Buried,,,
S921,15.64363384,0.141789718,Buried,,,
L922,10.4816494,0.057869237,Buried,,,
M923,123.0906219,0.638786518,Exposed,,,
R924,102.0423431,0.409040906,Exposed,,,
M925,4.903778076,0.025448465,Buried,,,
P926,23.42161369,0.152944782,Buried,,,
P927,39.5628624,0.258348269,Exposed,,,
W928,163.158905,0.62238412,Exposed,,,
V929,28.56770515,0.181475613,Buried,,,
N930,0,0,Buried,,,
I931,99.07756805,0.539015698,Exposed,,,
W932,85.93727875,0.327815375,Exposed,,,
L933,0,0,Buried,,,
L934,54.47341156,0.300747967,Exposed,,,
G935,0,0,Buried,,,
S936,0,0,Buried,,,
I937,27.2948513,0.148493283,Buried,,,
C938,72.68254852,0.550727864,Exposed,,,
L939,52.01713181,0.287186835,Exposed,,,
S940,0.439401299,0.003982616,Buried,,,
M941,42.04049301,0.218171781,Buried,,,
S942,42.34138107,0.383770966,Exposed,,,
L943,2.026840448,0.011190196,Buried,,,
H944,6.094065189,0.031307948,Buried,,,
F945,80.18966675,0.367823739,Exposed,,,
L946,52.24945831,0.288469511,Exposed,,,
I947,0.612313628,0.003331195,Buried,,,
L948,1.428878427,0.007888845,Buried,,,
Y949,79.22240448,0.342747901,Exposed,,,
V950,27.2043972,0.172815234,Buried,,,
D951,96.65982819,0.677564602,Exposed,,,
P952,17.27304649,0.112794206,Buried,,,
L953,2.906713247,0.016047978,Buried,,,
P954,8.302140236,0.054213559,Buried,,,
M955,128.6368408,0.66756897,Exposed,,,
I956,11.84288406,0.064429321,Buried,,,
F957,6.57805109,0.030173007,Buried,,,
K958,80.50463867,0.375293031,Exposed,,,
L959,0.362367064,0.00200063,Buried,,,
K960,97.36595154,0.453896368,Exposed,,,
A961,36.88963318,0.403632224,Exposed,,,
L962,1.02895689,0.005680876,Buried,,,
D963,100.9936829,0.707943991,Exposed,,,
L964,134.9120941,0.744850321,Exposed,,,
T965,94.0891037,0.665823512,Exposed,,,
Q966,29.8588047,0.162116344,Buried,,,
W967,36.5185585,0.139303282,Buried,,,
L968,95.8997345,0.529462896,Exposed,,,
M969,46.68491364,0.242274293,Buried,,,
V970,1.503658891,0.009551954,Buried,,,
L971,82.0004425,0.452724838,Exposed,,,
K972,126.3184128,0.588865696,Exposed,,,
I973,15.70958614,0.085465496,Buried,,,
S974,0.087686911,0.000794771,Buried,,,
L975,70.94998169,0.39171519,Exposed,,,
P976,43.07197571,0.281263025,Exposed,,,
V977,0,0,Buried,,,
I978,28.98710823,0.157699737,Buried,,,
G979,0,0,Buried,,,
L980,46.65169144,0.257564213,Exposed,,,
D981,1.217434645,0.008533955,Buried,,,
E982,28.75329781,0.165543595,Buried,,,
I983,93.85045624,0.51057843,Exposed,,,
L984,10.82143593,0.0597452,Buried,,,
K985,0.702053189,0.003272801,Buried,,,
F986,106.2228317,0.487235834,Exposed,,,
I987,61.64364243,0.335362399,Exposed,,,
A988,0.360753328,0.003947225,Buried,,,
R989,56.60374451,0.226898425,Buried,,,
N990,73.94269562,0.476150745,Exposed,,,
Y991,156.8410645,0.67855736,Exposed,,,
L992,59.46584702,0.328311228,Exposed,,,
E993,124.7578659,0.718278155,Exposed,,,
G994,0,0,Buried,,,
