Position A,Position B
K8,K16
K8,K27
K8,K49
K8,K53
K8,K54
K8,K57
K8,K60
K8,K131
K8,K133
K8,K139
K8,K157
K8,K175
K8,K190
K8,K203
K8,K222
K8,K238
K8,K269
K8,K312
K8,K330
K8,K338
K8,K343
K8,K351
K8,K355
K8,K386
K8,K405
K8,K423
K8,K434
K8,K441
K8,K442
K8,K449
K8,K468
K8,K470
K8,K508
K8,K519
K8,K542
K8,K557
K8,K569
K8,K574
K8,K575
K8,K580
K8,K597
K8,K598
K8,K643
K8,K692
K8,K696
K8,K705
K8,K707
K8,K733
K8,K811
K8,K838
K8,K848
K8,K857
K8,K863
K8,K864
K8,K868
K8,K888
K8,K897
K8,K911
K8,K926
K8,K934
K8,K936
K16,K27
K16,K49
K16,K53
K16,K54
K16,K57
K16,K60
K16,K131
K16,K133
K16,K139
K16,K157
K16,K175
K16,K190
K16,K203
K16,K222
K16,K238
K16,K269
K16,K312
K16,K330
K16,K338
K16,K343
K16,K351
K16,K355
K16,K386
K16,K405
K16,K423
K16,K434
K16,K441
K16,K442
K16,K449
K16,K468
K16,K470
K16,K508
K16,K519
K16,K542
K16,K557
K16,K569
K16,K574
K16,K575
K16,K580
K16,K597
K16,K598
K16,K643
K16,K692
K16,K696
K16,K705
K16,K707
K16,K733
K16,K811
K16,K838
K16,K848
K16,K857
K16,K863
K16,K864
K16,K868
K16,K888
K16,K897
K16,K911
K16,K926
K16,K934
K16,K936
K27,K49
K27,K53
K27,K54
K27,K57
K27,K60
K27,K131
K27,K133
K27,K139
K27,K157
K27,K175
K27,K190
K27,K203
K27,K222
K27,K238
K27,K269
K27,K312
K27,K330
K27,K338
K27,K343
K27,K351
K27,K355
K27,K386
K27,K405
K27,K423
K27,K434
K27,K441
K27,K442
K27,K449
K27,K468
K27,K470
K27,K508
K27,K519
K27,K542
K27,K557
K27,K569
K27,K574
K27,K575
K27,K580
K27,K597
K27,K598
K27,K643
K27,K692
K27,K696
K27,K705
K27,K707
K27,K733
K27,K811
K27,K838
K27,K848
K27,K857
K27,K863
K27,K864
K27,K868
K27,K888
K27,K897
K27,K911
K27,K926
K27,K934
K27,K936
K49,K53
K49,K54
K49,K57
K49,K60
K49,K131
K49,K133
K49,K139
K49,K157
K49,K175
K49,K190
K49,K203
K49,K222
K49,K238
K49,K269
K49,K312
K49,K330
K49,K338
K49,K343
K49,K351
K49,K355
K49,K386
K49,K405
K49,K423
K49,K434
K49,K441
K49,K442
K49,K449
K49,K468
K49,K470
K49,K508
K49,K519
K49,K542
K49,K557
K49,K569
K49,K574
K49,K575
K49,K580
K49,K597
K49,K598
K49,K643
K49,K692
K49,K696
K49,K705
K49,K707
K49,K733
K49,K811
K49,K838
K49,K848
K49,K857
K49,K863
K49,K864
K49,K868
K49,K888
K49,K897
K49,K911
K49,K926
K49,K934
K49,K936
K53,K54
K53,K57
K53,K60
K53,K131
K53,K133
K53,K139
K53,K157
K53,K175
K53,K190
K53,K203
K53,K222
K53,K238
K53,K269
K53,K312
K53,K330
K53,K338
K53,K343
K53,K351
K53,K355
K53,K386
K53,K405
K53,K423
K53,K434
K53,K441
K53,K442
K53,K449
K53,K468
K53,K470
K53,K508
K53,K519
K53,K542
K53,K557
K53,K569
K53,K574
K53,K575
K53,K580
K53,K597
K53,K598
K53,K643
K53,K692
K53,K696
K53,K705
K53,K707
K53,K733
K53,K811
K53,K838
K53,K848
K53,K857
K53,K863
K53,K864
K53,K868
K53,K888
K53,K897
K53,K911
K53,K926
K53,K934
K53,K936
K54,K57
K54,K60
K54,K131
K54,K133
K54,K139
K54,K157
K54,K175
K54,K190
K54,K203
K54,K222
K54,K238
K54,K269
K54,K312
K54,K330
K54,K338
K54,K343
K54,K351
K54,K355
K54,K386
K54,K405
K54,K423
K54,K434
K54,K441
K54,K442
K54,K449
K54,K468
K54,K470
K54,K508
K54,K519
K54,K542
K54,K557
K54,K569
K54,K574
K54,K575
K54,K580
K54,K597
K54,K598
K54,K643
K54,K692
K54,K696
K54,K705
K54,K707
K54,K733
K54,K811
K54,K838
K54,K848
K54,K857
K54,K863
K54,K864
K54,K868
K54,K888
K54,K897
K54,K911
K54,K926
K54,K934
K54,K936
K57,K60
K57,K131
K57,K133
K57,K139
K57,K157
K57,K175
K57,K190
K57,K203
K57,K222
K57,K238
K57,K269
K57,K312
K57,K330
K57,K338
K57,K343
K57,K351
K57,K355
K57,K386
K57,K405
K57,K423
K57,K434
K57,K441
K57,K442
K57,K449
K57,K468
K57,K470
K57,K508
K57,K519
K57,K542
K57,K557
K57,K569
K57,K574
K57,K575
K57,K580
K57,K597
K57,K598
K57,K643
K57,K692
K57,K696
K57,K705
K57,K707
K57,K733
K57,K811
K57,K838
K57,K848
K57,K857
K57,K863
K57,K864
K57,K868
K57,K888
K57,K897
K57,K911
K57,K926
K57,K934
K57,K936
K60,K131
K60,K133
K60,K139
K60,K157
K60,K175
K60,K190
K60,K203
K60,K222
K60,K238
K60,K269
K60,K312
K60,K330
K60,K338
K60,K343
K60,K351
K60,K355
K60,K386
K60,K405
K60,K423
K60,K434
K60,K441
K60,K442
K60,K449
K60,K468
K60,K470
K60,K508
K60,K519
K60,K542
K60,K557
K60,K569
K60,K574
K60,K575
K60,K580
K60,K597
K60,K598
K60,K643
K60,K692
K60,K696
K60,K705
K60,K707
K60,K733
K60,K811
K60,K838
K60,K848
K60,K857
K60,K863
K60,K864
K60,K868
K60,K888
K60,K897
K60,K911
K60,K926
K60,K934
K60,K936
K131,K133
K131,K139
K131,K157
K131,K175
K131,K190
K131,K203
K131,K222
K131,K238
K131,K269
K131,K312
K131,K330
K131,K338
K131,K343
K131,K351
K131,K355
K131,K386
K131,K405
K131,K423
K131,K434
K131,K441
K131,K442
K131,K449
K131,K468
K131,K470
K131,K508
K131,K519
K131,K542
K131,K557
K131,K569
K131,K574
K131,K575
K131,K580
K131,K597
K131,K598
K131,K643
K131,K692
K131,K696
K131,K705
K131,K707
K131,K733
K131,K811
K131,K838
K131,K848
K131,K857
K131,K863
K131,K864
K131,K868
K131,K888
K131,K897
K131,K911
K131,K926
K131,K934
K131,K936
K133,K139
K133,K157
K133,K175
K133,K190
K133,K203
K133,K222
K133,K238
K133,K269
K133,K312
K133,K330
K133,K338
K133,K343
K133,K351
K133,K355
K133,K386
K133,K405
K133,K423
K133,K434
K133,K441
K133,K442
K133,K449
K133,K468
K133,K470
K133,K508
K133,K519
K133,K542
K133,K557
K133,K569
K133,K574
K133,K575
K133,K580
K133,K597
K133,K598
K133,K643
K133,K692
K133,K696
K133,K705
K133,K707
K133,K733
K133,K811
K133,K838
K133,K848
K133,K857
K133,K863
K133,K864
K133,K868
K133,K888
K133,K897
K133,K911
K133,K926
K133,K934
K133,K936
K139,K157
K139,K175
K139,K190
K139,K203
K139,K222
K139,K238
K139,K269
K139,K312
K139,K330
K139,K338
K139,K343
K139,K351
K139,K355
K139,K386
K139,K405
K139,K423
K139,K434
K139,K441
K139,K442
K139,K449
K139,K468
K139,K470
K139,K508
K139,K519
K139,K542
K139,K557
K139,K569
K139,K574
K139,K575
K139,K580
K139,K597
K139,K598
K139,K643
K139,K692
K139,K696
K139,K705
K139,K707
K139,K733
K139,K811
K139,K838
K139,K848
K139,K857
K139,K863
K139,K864
K139,K868
K139,K888
K139,K897
K139,K911
K139,K926
K139,K934
K139,K936
K157,K175
K157,K190
K157,K203
K157,K222
K157,K238
K157,K269
K157,K312
K157,K330
K157,K338
K157,K343
K157,K351
K157,K355
K157,K386
K157,K405
K157,K423
K157,K434
K157,K441
K157,K442
K157,K449
K157,K468
K157,K470
K157,K508
K157,K519
K157,K542
K157,K557
K157,K569
K157,K574
K157,K575
K157,K580
K157,K597
K157,K598
K157,K643
K157,K692
K157,K696
K157,K705
K157,K707
K157,K733
K157,K811
K157,K838
K157,K848
K157,K857
K157,K863
K157,K864
K157,K868
K157,K888
K157,K897
K157,K911
K157,K926
K157,K934
K157,K936
K175,K190
K175,K203
K175,K222
K175,K238
K175,K269
K175,K312
K175,K330
K175,K338
K175,K343
K175,K351
K175,K355
K175,K386
K175,K405
K175,K423
K175,K434
K175,K441
K175,K442
K175,K449
K175,K468
K175,K470
K175,K508
K175,K519
K175,K542
K175,K557
K175,K569
K175,K574
K175,K575
K175,K580
K175,K597
K175,K598
K175,K643
K175,K692
K175,K696
K175,K705
K175,K707
K175,K733
K175,K811
K175,K838
K175,K848
K175,K857
K175,K863
K175,K864
K175,K868
K175,K888
K175,K897
K175,K911
K175,K926
K175,K934
K175,K936
K190,K203
K190,K222
K190,K238
K190,K269
K190,K312
K190,K330
K190,K338
K190,K343
K190,K351
K190,K355
K190,K386
K190,K405
K190,K423
K190,K434
K190,K441
K190,K442
K190,K449
K190,K468
K190,K470
K190,K508
K190,K519
K190,K542
K190,K557
K190,K569
K190,K574
K190,K575
K190,K580
K190,K597
K190,K598
K190,K643
K190,K692
K190,K696
K190,K705
K190,K707
K190,K733
K190,K811
K190,K838
K190,K848
K190,K857
K190,K863
K190,K864
K190,K868
K190,K888
K190,K897
K190,K911
K190,K926
K190,K934
K190,K936
K203,K222
K203,K238
K203,K269
K203,K312
K203,K330
K203,K338
K203,K343
K203,K351
K203,K355
K203,K386
K203,K405
K203,K423
K203,K434
K203,K441
K203,K442
K203,K449
K203,K468
K203,K470
K203,K508
K203,K519
K203,K542
K203,K557
K203,K569
K203,K574
K203,K575
K203,K580
K203,K597
K203,K598
K203,K643
K203,K692
K203,K696
K203,K705
K203,K707
K203,K733
K203,K811
K203,K838
K203,K848
K203,K857
K203,K863
K203,K864
K203,K868
K203,K888
K203,K897
K203,K911
K203,K926
K203,K934
K203,K936
K222,K238
K222,K269
K222,K312
K222,K330
K222,K338
K222,K343
K222,K351
K222,K355
K222,K386
K222,K405
K222,K423
K222,K434
K222,K441
K222,K442
K222,K449
K222,K468
K222,K470
K222,K508
K222,K519
K222,K542
K222,K557
K222,K569
K222,K574
K222,K575
K222,K580
K222,K597
K222,K598
K222,K643
K222,K692
K222,K696
K222,K705
K222,K707
K222,K733
K222,K811
K222,K838
K222,K848
K222,K857
K222,K863
K222,K864
K222,K868
K222,K888
K222,K897
K222,K911
K222,K926
K222,K934
K222,K936
K238,K269
K238,K312
K238,K330
K238,K338
K238,K343
K238,K351
K238,K355
K238,K386
K238,K405
K238,K423
K238,K434
K238,K441
K238,K442
K238,K449
K238,K468
K238,K470
K238,K508
K238,K519
K238,K542
K238,K557
K238,K569
K238,K574
K238,K575
K238,K580
K238,K597
K238,K598
K238,K643
K238,K692
K238,K696
K238,K705
K238,K707
K238,K733
K238,K811
K238,K838
K238,K848
K238,K857
K238,K863
K238,K864
K238,K868
K238,K888
K238,K897
K238,K911
K238,K926
K238,K934
K238,K936
K269,K312
K269,K330
K269,K338
K269,K343
K269,K351
K269,K355
K269,K386
K269,K405
K269,K423
K269,K434
K269,K441
K269,K442
K269,K449
K269,K468
K269,K470
K269,K508
K269,K519
K269,K542
K269,K557
K269,K569
K269,K574
K269,K575
K269,K580
K269,K597
K269,K598
K269,K643
K269,K692
K269,K696
K269,K705
K269,K707
K269,K733
K269,K811
K269,K838
K269,K848
K269,K857
K269,K863
K269,K864
K269,K868
K269,K888
K269,K897
K269,K911
K269,K926
K269,K934
K269,K936
K312,K330
K312,K338
K312,K343
K312,K351
K312,K355
K312,K386
K312,K405
K312,K423
K312,K434
K312,K441
K312,K442
K312,K449
K312,K468
K312,K470
K312,K508
K312,K519
K312,K542
K312,K557
K312,K569
K312,K574
K312,K575
K312,K580
K312,K597
K312,K598
K312,K643
K312,K692
K312,K696
K312,K705
K312,K707
K312,K733
K312,K811
K312,K838
K312,K848
K312,K857
K312,K863
K312,K864
K312,K868
K312,K888
K312,K897
K312,K911
K312,K926
K312,K934
K312,K936
K330,K338
K330,K343
K330,K351
K330,K355
K330,K386
K330,K405
K330,K423
K330,K434
K330,K441
K330,K442
K330,K449
K330,K468
K330,K470
K330,K508
K330,K519
K330,K542
K330,K557
K330,K569
K330,K574
K330,K575
K330,K580
K330,K597
K330,K598
K330,K643
K330,K692
K330,K696
K330,K705
K330,K707
K330,K733
K330,K811
K330,K838
K330,K848
K330,K857
K330,K863
K330,K864
K330,K868
K330,K888
K330,K897
K330,K911
K330,K926
K330,K934
K330,K936
K338,K343
K338,K351
K338,K355
K338,K386
K338,K405
K338,K423
K338,K434
K338,K441
K338,K442
K338,K449
K338,K468
K338,K470
K338,K508
K338,K519
K338,K542
K338,K557
K338,K569
K338,K574
K338,K575
K338,K580
K338,K597
K338,K598
K338,K643
K338,K692
K338,K696
K338,K705
K338,K707
K338,K733
K338,K811
K338,K838
K338,K848
K338,K857
K338,K863
K338,K864
K338,K868
K338,K888
K338,K897
K338,K911
K338,K926
K338,K934
K338,K936
K343,K351
K343,K355
K343,K386
K343,K405
K343,K423
K343,K434
K343,K441
K343,K442
K343,K449
K343,K468
K343,K470
K343,K508
K343,K519
K343,K542
K343,K557
K343,K569
K343,K574
K343,K575
K343,K580
K343,K597
K343,K598
K343,K643
K343,K692
K343,K696
K343,K705
K343,K707
K343,K733
K343,K811
K343,K838
K343,K848
K343,K857
K343,K863
K343,K864
K343,K868
K343,K888
K343,K897
K343,K911
K343,K926
K343,K934
K343,K936
K351,K355
K351,K386
K351,K405
K351,K423
K351,K434
K351,K441
K351,K442
K351,K449
K351,K468
K351,K470
K351,K508
K351,K519
K351,K542
K351,K557
K351,K569
K351,K574
K351,K575
K351,K580
K351,K597
K351,K598
K351,K643
K351,K692
K351,K696
K351,K705
K351,K707
K351,K733
K351,K811
K351,K838
K351,K848
K351,K857
K351,K863
K351,K864
K351,K868
K351,K888
K351,K897
K351,K911
K351,K926
K351,K934
K351,K936
K355,K386
K355,K405
K355,K423
K355,K434
K355,K441
K355,K442
K355,K449
K355,K468
K355,K470
K355,K508
K355,K519
K355,K542
K355,K557
K355,K569
K355,K574
K355,K575
K355,K580
K355,K597
K355,K598
K355,K643
K355,K692
K355,K696
K355,K705
K355,K707
K355,K733
K355,K811
K355,K838
K355,K848
K355,K857
K355,K863
K355,K864
K355,K868
K355,K888
K355,K897
K355,K911
K355,K926
K355,K934
K355,K936
K386,K405
K386,K423
K386,K434
K386,K441
K386,K442
K386,K449
K386,K468
K386,K470
K386,K508
K386,K519
K386,K542
K386,K557
K386,K569
K386,K574
K386,K575
K386,K580
K386,K597
K386,K598
K386,K643
K386,K692
K386,K696
K386,K705
K386,K707
K386,K733
K386,K811
K386,K838
K386,K848
K386,K857
K386,K863
K386,K864
K386,K868
K386,K888
K386,K897
K386,K911
K386,K926
K386,K934
K386,K936
K405,K423
K405,K434
K405,K441
K405,K442
K405,K449
K405,K468
K405,K470
K405,K508
K405,K519
K405,K542
K405,K557
K405,K569
K405,K574
K405,K575
K405,K580
K405,K597
K405,K598
K405,K643
K405,K692
K405,K696
K405,K705
K405,K707
K405,K733
K405,K811
K405,K838
K405,K848
K405,K857
K405,K863
K405,K864
K405,K868
K405,K888
K405,K897
K405,K911
K405,K926
K405,K934
K405,K936
K423,K434
K423,K441
K423,K442
K423,K449
K423,K468
K423,K470
K423,K508
K423,K519
K423,K542
K423,K557
K423,K569
K423,K574
K423,K575
K423,K580
K423,K597
K423,K598
K423,K643
K423,K692
K423,K696
K423,K705
K423,K707
K423,K733
K423,K811
K423,K838
K423,K848
K423,K857
K423,K863
K423,K864
K423,K868
K423,K888
K423,K897
K423,K911
K423,K926
K423,K934
K423,K936
K434,K441
K434,K442
K434,K449
K434,K468
K434,K470
K434,K508
K434,K519
K434,K542
K434,K557
K434,K569
K434,K574
K434,K575
K434,K580
K434,K597
K434,K598
K434,K643
K434,K692
K434,K696
K434,K705
K434,K707
K434,K733
K434,K811
K434,K838
K434,K848
K434,K857
K434,K863
K434,K864
K434,K868
K434,K888
K434,K897
K434,K911
K434,K926
K434,K934
K434,K936
K441,K442
K441,K449
K441,K468
K441,K470
K441,K508
K441,K519
K441,K542
K441,K557
K441,K569
K441,K574
K441,K575
K441,K580
K441,K597
K441,K598
K441,K643
K441,K692
K441,K696
K441,K705
K441,K707
K441,K733
K441,K811
K441,K838
K441,K848
K441,K857
K441,K863
K441,K864
K441,K868
K441,K888
K441,K897
K441,K911
K441,K926
K441,K934
K441,K936
K442,K449
K442,K468
K442,K470
K442,K508
K442,K519
K442,K542
K442,K557
K442,K569
K442,K574
K442,K575
K442,K580
K442,K597
K442,K598
K442,K643
K442,K692
K442,K696
K442,K705
K442,K707
K442,K733
K442,K811
K442,K838
K442,K848
K442,K857
K442,K863
K442,K864
K442,K868
K442,K888
K442,K897
K442,K911
K442,K926
K442,K934
K442,K936
K449,K468
K449,K470
K449,K508
K449,K519
K449,K542
K449,K557
K449,K569
K449,K574
K449,K575
K449,K580
K449,K597
K449,K598
K449,K643
K449,K692
K449,K696
K449,K705
K449,K707
K449,K733
K449,K811
K449,K838
K449,K848
K449,K857
K449,K863
K449,K864
K449,K868
K449,K888
K449,K897
K449,K911
K449,K926
K449,K934
K449,K936
K468,K470
K468,K508
K468,K519
K468,K542
K468,K557
K468,K569
K468,K574
K468,K575
K468,K580
K468,K597
K468,K598
K468,K643
K468,K692
K468,K696
K468,K705
K468,K707
K468,K733
K468,K811
K468,K838
K468,K848
K468,K857
K468,K863
K468,K864
K468,K868
K468,K888
K468,K897
K468,K911
K468,K926
K468,K934
K468,K936
K470,K508
K470,K519
K470,K542
K470,K557
K470,K569
K470,K574
K470,K575
K470,K580
K470,K597
K470,K598
K470,K643
K470,K692
K470,K696
K470,K705
K470,K707
K470,K733
K470,K811
K470,K838
K470,K848
K470,K857
K470,K863
K470,K864
K470,K868
K470,K888
K470,K897
K470,K911
K470,K926
K470,K934
K470,K936
K508,K519
K508,K542
K508,K557
K508,K569
K508,K574
K508,K575
K508,K580
K508,K597
K508,K598
K508,K643
K508,K692
K508,K696
K508,K705
K508,K707
K508,K733
K508,K811
K508,K838
K508,K848
K508,K857
K508,K863
K508,K864
K508,K868
K508,K888
K508,K897
K508,K911
K508,K926
K508,K934
K508,K936
K519,K542
K519,K557
K519,K569
K519,K574
K519,K575
K519,K580
K519,K597
K519,K598
K519,K643
K519,K692
K519,K696
K519,K705
K519,K707
K519,K733
K519,K811
K519,K838
K519,K848
K519,K857
K519,K863
K519,K864
K519,K868
K519,K888
K519,K897
K519,K911
K519,K926
K519,K934
K519,K936
K542,K557
K542,K569
K542,K574
K542,K575
K542,K580
K542,K597
K542,K598
K542,K643
K542,K692
K542,K696
K542,K705
K542,K707
K542,K733
K542,K811
K542,K838
K542,K848
K542,K857
K542,K863
K542,K864
K542,K868
K542,K888
K542,K897
K542,K911
K542,K926
K542,K934
K542,K936
K557,K569
K557,K574
K557,K575
K557,K580
K557,K597
K557,K598
K557,K643
K557,K692
K557,K696
K557,K705
K557,K707
K557,K733
K557,K811
K557,K838
K557,K848
K557,K857
K557,K863
K557,K864
K557,K868
K557,K888
K557,K897
K557,K911
K557,K926
K557,K934
K557,K936
K569,K574
K569,K575
K569,K580
K569,K597
K569,K598
K569,K643
K569,K692
K569,K696
K569,K705
K569,K707
K569,K733
K569,K811
K569,K838
K569,K848
K569,K857
K569,K863
K569,K864
K569,K868
K569,K888
K569,K897
K569,K911
K569,K926
K569,K934
K569,K936
K574,K575
K574,K580
K574,K597
K574,K598
K574,K643
K574,K692
K574,K696
K574,K705
K574,K707
K574,K733
K574,K811
K574,K838
K574,K848
K574,K857
K574,K863
K574,K864
K574,K868
K574,K888
K574,K897
K574,K911
K574,K926
K574,K934
K574,K936
K575,K580
K575,K597
K575,K598
K575,K643
K575,K692
K575,K696
K575,K705
K575,K707
K575,K733
K575,K811
K575,K838
K575,K848
K575,K857
K575,K863
K575,K864
K575,K868
K575,K888
K575,K897
K575,K911
K575,K926
K575,K934
K575,K936
K580,K597
K580,K598
K580,K643
K580,K692
K580,K696
K580,K705
K580,K707
K580,K733
K580,K811
K580,K838
K580,K848
K580,K857
K580,K863
K580,K864
K580,K868
K580,K888
K580,K897
K580,K911
K580,K926
K580,K934
K580,K936
K597,K598
K597,K643
K597,K692
K597,K696
K597,K705
K597,K707
K597,K733
K597,K811
K597,K838
K597,K848
K597,K857
K597,K863
K597,K864
K597,K868
K597,K888
K597,K897
K597,K911
K597,K926
K597,K934
K597,K936
K598,K643
K598,K692
K598,K696
K598,K705
K598,K707
K598,K733
K598,K811
K598,K838
K598,K848
K598,K857
K598,K863
K598,K864
K598,K868
K598,K888
K598,K897
K598,K911
K598,K926
K598,K934
K598,K936
K643,K692
K643,K696
K643,K705
K643,K707
K643,K733
K643,K811
K643,K838
K643,K848
K643,K857
K643,K863
K643,K864
K643,K868
K643,K888
K643,K897
K643,K911
K643,K926
K643,K934
K643,K936
K692,K696
K692,K705
K692,K707
K692,K733
K692,K811
K692,K838
K692,K848
K692,K857
K692,K863
K692,K864
K692,K868
K692,K888
K692,K897
K692,K911
K692,K926
K692,K934
K692,K936
K696,K705
K696,K707
K696,K733
K696,K811
K696,K838
K696,K848
K696,K857
K696,K863
K696,K864
K696,K868
K696,K888
K696,K897
K696,K911
K696,K926
K696,K934
K696,K936
K705,K707
K705,K733
K705,K811
K705,K838
K705,K848
K705,K857
K705,K863
K705,K864
K705,K868
K705,K888
K705,K897
K705,K911
K705,K926
K705,K934
K705,K936
K707,K733
K707,K811
K707,K838
K707,K848
K707,K857
K707,K863
K707,K864
K707,K868
K707,K888
K707,K897
K707,K911
K707,K926
K707,K934
K707,K936
K733,K811
K733,K838
K733,K848
K733,K857
K733,K863
K733,K864
K733,K868
K733,K888
K733,K897
K733,K911
K733,K926
K733,K934
K733,K936
K811,K838
K811,K848
K811,K857
K811,K863
K811,K864
K811,K868
K811,K888
K811,K897
K811,K911
K811,K926
K811,K934
K811,K936
K838,K848
K838,K857
K838,K863
K838,K864
K838,K868
K838,K888
K838,K897
K838,K911
K838,K926
K838,K934
K838,K936
K848,K857
K848,K863
K848,K864
K848,K868
K848,K888
K848,K897
K848,K911
K848,K926
K848,K934
K848,K936
K857,K863
K857,K864
K857,K868
K857,K888
K857,K897
K857,K911
K857,K926
K857,K934
K857,K936
K863,K864
K863,K868
K863,K888
K863,K897
K863,K911
K863,K926
K863,K934
K863,K936
K864,K868
K864,K888
K864,K897
K864,K911
K864,K926
K864,K934
K864,K936
K868,K888
K868,K897
K868,K911
K868,K926
K868,K934
K868,K936
K888,K897
K888,K911
K888,K926
K888,K934
K888,K936
K897,K911
K897,K926
K897,K934
K897,K936
K911,K926
K911,K934
K911,K936
K926,K934
K926,K936
K934,K936
